post_id,url,is_delete
,https://image.shutterstock.com/image-photo/sunny-autumn-scene-vorderer-gosausee-600w-1064150654.jpg,
,https://image.shutterstock.com/image-photo/sunny-autumn-scene-vorderer-gosausee-600w-1064150654.jpg,
,https://image.shutterstock.com/image-photo/sunny-autumn-scene-vorderer-gosausee-600w-1064150654.jpg,
,https://image.shutterstock.com/image-photo/sunny-autumn-scene-vorderer-gosausee-600w-1064150654.jpg,
,https://image.shutterstock.com/image-photo/sunny-autumn-scene-vorderer-gosausee-600w-1064150654.jpg,
,https://image.shutterstock.com/image-photo/sunny-autumn-scene-vorderer-gosausee-600w-1064150654.jpg,
,https://image.shutterstock.com/image-photo/sunny-autumn-scene-vorderer-gosausee-600w-1064150654.jpg,
,https://image.shutterstock.com/image-photo/sunny-autumn-scene-vorderer-gosausee-600w-1064150654.jpg,
,https://image.shutterstock.com/image-photo/sunny-autumn-scene-vorderer-gosausee-600w-1064150654.jpg,
,https://image.shutterstock.com/image-photo/sunny-autumn-scene-vorderer-gosausee-600w-1064150654.jpg,
,https://image.shutterstock.com/image-photo/sunny-autumn-scene-vorderer-gosausee-600w-1064150654.jpg,
,https://image.shutterstock.com/image-photo/sunny-autumn-scene-vorderer-gosausee-600w-1064150654.jpg,
,https://image.shutterstock.com/image-photo/sunny-autumn-scene-vorderer-gosausee-600w-1064150654.jpg,
,https://image.shutterstock.com/image-photo/sunny-autumn-scene-vorderer-gosausee-600w-1064150654.jpg,
,https://image.shutterstock.com/image-photo/sunny-autumn-scene-vorderer-gosausee-600w-1064150654.jpg,
,https://image.shutterstock.com/image-photo/sunny-autumn-scene-vorderer-gosausee-600w-1064150654.jpg,
,https://image.shutterstock.com/image-photo/sunny-autumn-scene-vorderer-gosausee-600w-1064150654.jpg,
,https://image.shutterstock.com/image-photo/sunny-autumn-scene-vorderer-gosausee-600w-1064150654.jpg,
,https://image.shutterstock.com/image-photo/sunny-autumn-scene-vorderer-gosausee-600w-1064150654.jpg,
