user_id,title,sub_title,content,is_delete
1,타이틀,서브타이틀,"내용입니다 <img src=""https://image.shutterstock.com/image-photo/eggs-benedict-served-potatoes-brunch-600w-577412236.jpg""> 내용입니다.내용이에용",
1,타이틀,서브타이틀,"내용입니다 <img src=""https://image.shutterstock.com/image-photo/eggs-benedict-served-potatoes-brunch-600w-577412236.jpg""> 내용입니다.내용이에용",
1,타이틀,서브타이틀,"내용입니다 <img src=""https://image.shutterstock.com/image-photo/eggs-benedict-served-potatoes-brunch-600w-577412236.jpg""> 내용입니다.내용이에용",
2,타이틀,서브타이틀,"내용입니다 <img src=""https://image.shutterstock.com/image-photo/eggs-benedict-served-potatoes-brunch-600w-577412236.jpg""> 내용입니다.내용이에용",
2,타이틀,서브타이틀,"내용입니다 <img src=""https://image.shutterstock.com/image-photo/eggs-benedict-served-potatoes-brunch-600w-577412236.jpg""> 내용입니다.내용이에용",
2,타이틀,서브타이틀,"내용입니다 <img src=""https://image.shutterstock.com/image-photo/eggs-benedict-served-potatoes-brunch-600w-577412236.jpg""> 내용입니다.내용이에용",
3,타이틀,서브타이틀,"내용입니다 <img src=""https://image.shutterstock.com/image-photo/eggs-benedict-served-potatoes-brunch-600w-577412236.jpg""> 내용입니다.내용이에용",
3,타이틀,서브타이틀,"내용입니다 <img src=""https://image.shutterstock.com/image-photo/eggs-benedict-served-potatoes-brunch-600w-577412236.jpg""> 내용입니다.내용이에용",
3,타이틀,서브타이틀,"내용입니다 <img src=""https://image.shutterstock.com/image-photo/eggs-benedict-served-potatoes-brunch-600w-577412236.jpg""> 내용입니다.내용이에용",
4,타이틀,서브타이틀,"내용입니다 <img src=""https://image.shutterstock.com/image-photo/eggs-benedict-served-potatoes-brunch-600w-577412236.jpg""> 내용입니다.내용이에용",
4,타이틀,서브타이틀,"내용입니다 <img src=""https://image.shutterstock.com/image-photo/eggs-benedict-served-potatoes-brunch-600w-577412236.jpg""> 내용입니다.내용이에용",
4,타이틀,서브타이틀,"내용입니다 <img src=""https://image.shutterstock.com/image-photo/eggs-benedict-served-potatoes-brunch-600w-577412236.jpg""> 내용입니다.내용이에용",
5,타이틀,서브타이틀,"내용입니다 <img src=""https://image.shutterstock.com/image-photo/eggs-benedict-served-potatoes-brunch-600w-577412236.jpg""> 내용입니다.내용이에용",
5,타이틀,서브타이틀,"내용입니다 <img src=""https://image.shutterstock.com/image-photo/eggs-benedict-served-potatoes-brunch-600w-577412236.jpg""> 내용입니다.내용이에용",
5,타이틀,서브타이틀,"내용입니다 <img src=""https://image.shutterstock.com/image-photo/eggs-benedict-served-potatoes-brunch-600w-577412236.jpg""> 내용입니다.내용이에용",
,16,타이틀,서브타이틀,"내용입니다 <img src=""https://image.shutterstock.com/image-photo/eggs-benedict-served-potatoes-brunch-600w-577412236.jpg""> 내용입니다.내용이에용",
,17,타이틀,서브타이틀,"내용입니다 <img src=""https://image.shutterstock.com/image-photo/eggs-benedict-served-potatoes-brunch-600w-577412236.jpg""> 내용입니다.내용이에용",
,18,타이틀,서브타이틀,"내용입니다 <img src=""https://image.shutterstock.com/image-photo/eggs-benedict-served-potatoes-brunch-600w-577412236.jpg""> 내용입니다.내용이에용",
,19,타이틀,서브타이틀,"내용입니다 <img src=""https://image.shutterstock.com/image-photo/eggs-benedict-served-potatoes-brunch-600w-577412236.jpg""> 내용입니다.내용이에용",
,20,타이틀,서브타이틀,"내용입니다 <img src=""https://image.shutterstock.com/image-photo/eggs-benedict-served-potatoes-brunch-600w-577412236.jpg""> 내용입니다.내용이에용",
,21,타이틀,서브타이틀,"내용입니다 <img src=""https://image.shutterstock.com/image-photo/eggs-benedict-served-potatoes-brunch-600w-577412236.jpg""> 내용입니다.내용이에용",
